Categoria;Mes;Media_venda
Intimates;2019-01;27,43
Tops & Tees;2019-01;8,91
Socks & Hosiery;2019-01;13,97
Underwear;2019-01;30,0
Swim;2019-01;106,5
Skirts;2019-01;79,0
Active;2019-01;79,0
Jeans;2019-01;92,0
Jumpsuits & Rompers;2019-02;10,94
Leggings;2019-02;11,95
Dresses;2019-02;13,01
Socks;2019-02;20,0
Tops & Tees;2019-02;32,23
Accessories;2019-02;33,95
Fashion Hoodies & Sweatshirts;2019-02;41,96
Suits & Sport Coats;2019-02;42,95
Blazers & Jackets;2019-02;44,5
Jeans;2019-02;127,9
Underwear;2019-02;50,0
Shorts;2019-02;54,95
Pants;2019-02;64,99
Maternity;2019-02;69,95
Accessories;2019-03;10,7
Socks;2019-03;10,0
Active;2019-03;29,23
Sleep & Lounge;2019-03;36,48
Maternity;2019-03;101,99
Pants;2019-03;41,98
Fashion Hoodies & Sweatshirts;2019-03;41,3
Intimates;2019-03;29,98
Swim;2019-03;47,48
Plus;2019-03;33,0
Shorts;2019-03;48,31
Outerwear & Coats;2019-03;103,36
Jeans;2019-03;73,5
Pants & Capris;2019-03;66,17
Suits;2019-03;97,0
Clothing Sets;2019-03;129,0
Suits & Sport Coats;2019-03;198,0
Plus;2019-04;6,99
Shorts;2019-04;43,02
Tops & Tees;2019-04;8,78
Accessories;2019-04;27,14
Leggings;2019-04;12,99
Blazers & Jackets;2019-04;69,76
Underwear;2019-04;24,38
Outerwear & Coats;2019-04;95,09
Active;2019-04;21,34
Sleep & Lounge;2019-04;40,92
Pants & Capris;2019-04;24,97
Maternity;2019-04;34,39
Socks;2019-04;34,95
Sweaters;2019-04;38,0
Jeans;2019-04;119,67
Pants;2019-04;44,55
Fashion Hoodies & Sweatshirts;2019-04;65,7
Swim;2019-04;63,49
Dresses;2019-04;75,08
Intimates;2019-04;62,0
Leggings;2019-05;8,18
Socks;2019-05;16,84
Sleep & Lounge;2019-05;35,49
Intimates;2019-05;36,98
Underwear;2019-05;24,1
Tops & Tees;2019-05;55,33
Pants;2019-05;15,64
Socks & Hosiery;2019-05;17,98
Fashion Hoodies & Sweatshirts;2019-05;59,62
Accessories;2019-05;58,17
Active;2019-05;37,11
Shorts;2019-05;37,25
Sweaters;2019-05;95,73
Suits & Sport Coats;2019-05;35,0
Maternity;2019-05;44,74
Outerwear & Coats;2019-05;49,99
Swim;2019-05;66,16
Jeans;2019-05;151,64
Blazers & Jackets;2019-05;259,69
Pants & Capris;2019-05;268,2
Active;2019-06;23,43
Socks;2019-06;11,97
Skirts;2019-06;25,64
Accessories;2019-06;39,71
Socks & Hosiery;2019-06;13,37
Blazers & Jackets;2019-06;52,96
Dresses;2019-06;53,1
Leggings;2019-06;25,3
Intimates;2019-06;37,69
Jumpsuits & Rompers;2019-06;12,37
Underwear;2019-06;24,7
Plus;2019-06;37,0
Sleep & Lounge;2019-06;40,82
Swim;2019-06;43,43
Fashion Hoodies & Sweatshirts;2019-06;59,16
Tops & Tees;2019-06;38,58
Shorts;2019-06;45,64
Pants;2019-06;73,03
Maternity;2019-06;34,49
Sweaters;2019-06;83,21
Jeans;2019-06;87,67
Pants & Capris;2019-06;33,0
Outerwear & Coats;2019-06;133,32
Suits & Sport Coats;2019-06;108,99
Suits;2019-06;165,0
Accessories;2019-07;34,55
Socks;2019-07;14,33
Active;2019-07;129,42
Intimates;2019-07;33,45
Socks & Hosiery;2019-07;12,47
Leggings;2019-07;70,98
Underwear;2019-07;29,24
Tops & Tees;2019-07;40,33
Fashion Hoodies & Sweatshirts;2019-07;48,11
Pants;2019-07;41,01
Dresses;2019-07;43,88
Maternity;2019-07;115,99
Pants & Capris;2019-07;23,49
Skirts;2019-07;52,73
Sleep & Lounge;2019-07;30,71
Shorts;2019-07;45,93
Sweaters;2019-07;70,91
Jeans;2019-07;107,65
Plus;2019-07;46,88
Swim;2019-07;88,84
Outerwear & Coats;2019-07;58,8
Jumpsuits & Rompers;2019-07;56,88
Suits & Sport Coats;2019-07;219,5
Intimates;2019-08;28,59
Socks;2019-08;14,86
Sleep & Lounge;2019-08;45,54
Socks & Hosiery;2019-08;18,49
Tops & Tees;2019-08;33,77
Maternity;2019-08;29,16
Accessories;2019-08;40,87
Swim;2019-08;67,52
Active;2019-08;23,99
Underwear;2019-08;32,19
Dresses;2019-08;85,39
Blazers & Jackets;2019-08;39,67
Shorts;2019-08;62,08
Fashion Hoodies & Sweatshirts;2019-08;50,22
Suits & Sport Coats;2019-08;107,58
Outerwear & Coats;2019-08;142,79
Pants & Capris;2019-08;44,0
Sweaters;2019-08;74,09
Pants;2019-08;49,99
Jeans;2019-08;137,88
Socks & Hosiery;2019-09;17,09
Underwear;2019-09;23,28
Accessories;2019-09;27,72
Socks;2019-09;20,66
Sleep & Lounge;2019-09;37,56
Sweaters;2019-09;72,96
Active;2019-09;62,61
Pants & Capris;2019-09;29,23
Tops & Tees;2019-09;32,24
Skirts;2019-09;20,34
Pants;2019-09;49,62
Fashion Hoodies & Sweatshirts;2019-09;48,88
Maternity;2019-09;24,98
Plus;2019-09;42,99
Shorts;2019-09;37,51
Leggings;2019-09;29,0
Intimates;2019-09;55,28
Swim;2019-09;66,34
Blazers & Jackets;2019-09;44,78
Jeans;2019-09;114,32
Suits & Sport Coats;2019-09;98,74
Outerwear & Coats;2019-09;92,59
Jumpsuits & Rompers;2019-09;59,0
Dresses;2019-09;93,19
Suits;2019-09;140,0
Accessories;2019-10;31,08
Tops & Tees;2019-10;33,84
Dresses;2019-10;52,94
Active;2019-10;22,21
Fashion Hoodies & Sweatshirts;2019-10;67,48
Skirts;2019-10;11,99
Socks;2019-10;18,09
Sweaters;2019-10;72,5
Socks & Hosiery;2019-10;30,99
Jumpsuits & Rompers;2019-10;13,2
Plus;2019-10;18,89
Sleep & Lounge;2019-10;48,03
Underwear;2019-10;27,07
Intimates;2019-10;38,47
Shorts;2019-10;39,94
Jeans;2019-10;95,02
Maternity;2019-10;61,29
Swim;2019-10;59,52
Pants;2019-10;59,72
Blazers & Jackets;2019-10;93,63
Pants & Capris;2019-10;64,0
Suits & Sport Coats;2019-10;153,99
Outerwear & Coats;2019-10;137,98
Suits;2019-10;158,0
Intimates;2019-11;28,63
Accessories;2019-11;19,89
Plus;2019-11;37,42
Blazers & Jackets;2019-11;76,5
Leggings;2019-11;20,49
Sleep & Lounge;2019-11;38,24
Tops & Tees;2019-11;58,42
Socks & Hosiery;2019-11;11,98
Jumpsuits & Rompers;2019-11;27,53
Dresses;2019-11;93,67
Fashion Hoodies & Sweatshirts;2019-11;46,01
Pants & Capris;2019-11;30,21
Socks;2019-11;14,99
Pants;2019-11;43,2
Active;2019-11;45,22
Sweaters;2019-11;118,95
Swim;2019-11;55,75
Jeans;2019-11;95,42
Skirts;2019-11;25,0
Underwear;2019-11;27,22
Shorts;2019-11;36,19
Outerwear & Coats;2019-11;113,04
Maternity;2019-11;48,75
Clothing Sets;2019-11;62,5
Suits;2019-11;128,07
Suits & Sport Coats;2019-11;139,99
Accessories;2019-12;49,68
Shorts;2019-12;37,1
Plus;2019-12;48,79
Intimates;2019-12;27,51
Leggings;2019-12;9,31
Socks;2019-12;12,81
Fashion Hoodies & Sweatshirts;2019-12;52,75
Jumpsuits & Rompers;2019-12;11,08
Socks & Hosiery;2019-12;20,78
Active;2019-12;42,71
Underwear;2019-12;31,88
Sleep & Lounge;2019-12;69,66
Swim;2019-12;45,12
Tops & Tees;2019-12;36,98
Maternity;2019-12;47,19
Blazers & Jackets;2019-12;40,35
Sweaters;2019-12;56,88
Jeans;2019-12;94,24
Pants & Capris;2019-12;51,15
Pants;2019-12;70,73
Suits & Sport Coats;2019-12;211,89
Outerwear & Coats;2019-12;132,14
Dresses;2019-12;128,0
Skirts;2019-12;138,0
Accessories;2020-01;29,8
Intimates;2020-01;30,61
Socks;2020-01;19,39
Socks & Hosiery;2020-01;15,24
Tops & Tees;2020-01;50,17
Dresses;2020-01;41,12
Leggings;2020-01;12,89
Active;2020-01;40,55
Sleep & Lounge;2020-01;37,62
Jumpsuits & Rompers;2020-01;15,43
Shorts;2020-01;50,03
Suits & Sport Coats;2020-01;92,85
Maternity;2020-01;48,74
Fashion Hoodies & Sweatshirts;2020-01;40,55
Pants & Capris;2020-01;35,48
Plus;2020-01;52,96
Sweaters;2020-01;75,38
Outerwear & Coats;2020-01;116,52
Pants;2020-01;59,14
Underwear;2020-01;26,91
Swim;2020-01;44,44
Jeans;2020-01;76,9
Skirts;2020-01;79,0
Blazers & Jackets;2020-01;50,18
Suits;2020-01;84,99
Plus;2020-02;21,88
Accessories;2020-02;35,01
Intimates;2020-02;31,87
Socks;2020-02;15,88
Skirts;2020-02;35,99
Leggings;2020-02;27,05
Jumpsuits & Rompers;2020-02;18,49
Socks & Hosiery;2020-02;12,61
Jeans;2020-02;98,29
Dresses;2020-02;79,22
Pants;2020-02;38,15
Tops & Tees;2020-02;36,79
Sleep & Lounge;2020-02;44,66
Fashion Hoodies & Sweatshirts;2020-02;54,63
Shorts;2020-02;49,81
Underwear;2020-02;25,06
Active;2020-02;41,17
Swim;2020-02;45,01
Suits & Sport Coats;2020-02;102,45
Outerwear & Coats;2020-02;119,12
Blazers & Jackets;2020-02;82,06
Maternity;2020-02;38,14
Pants & Capris;2020-02;86,03
Clothing Sets;2020-02;54,99
Sweaters;2020-02;126,15
Suits;2020-02;118,87
Accessories;2020-03;32,66
Intimates;2020-03;23,65
Leggings;2020-03;22,98
Plus;2020-03;17,57
Socks & Hosiery;2020-03;16,73
Socks;2020-03;16,99
Sleep & Lounge;2020-03;62,27
Shorts;2020-03;36,01
Active;2020-03;37,65
Pants & Capris;2020-03;46,94
Dresses;2020-03;51,19
Swim;2020-03;53,53
Fashion Hoodies & Sweatshirts;2020-03;47,75
Skirts;2020-03;14,41
Pants;2020-03;62,5
Underwear;2020-03;24,12
Maternity;2020-03;87,7
Jeans;2020-03;81,06
Tops & Tees;2020-03;37,87
Sweaters;2020-03;93,26
Outerwear & Coats;2020-03;128,21
Blazers & Jackets;2020-03;123,04
Suits & Sport Coats;2020-03;141,0
Suits;2020-03;127,51
Accessories;2020-04;32,95
Leggings;2020-04;25,26
Dresses;2020-04;50,17
Plus;2020-04;14,98
Sweaters;2020-04;81,17
Sleep & Lounge;2020-04;56,77
Socks;2020-04;15,55
Intimates;2020-04;29,31
Pants;2020-04;47,51
Underwear;2020-04;25,67
Socks & Hosiery;2020-04;17,03
Shorts;2020-04;45,93
Jumpsuits & Rompers;2020-04;55,5
Outerwear & Coats;2020-04;146,55
Tops & Tees;2020-04;54,91
Skirts;2020-04;47,96
Swim;2020-04;55,29
Jeans;2020-04;76,55
Active;2020-04;64,66
Suits & Sport Coats;2020-04;147,75
Fashion Hoodies & Sweatshirts;2020-04;54,6
Maternity;2020-04;50,99
Pants & Capris;2020-04;81,64
Suits;2020-04;116,36
Blazers & Jackets;2020-04;175,93
Accessories;2020-05;58,75
Leggings;2020-05;17,23
Sleep & Lounge;2020-05;62,87
Socks & Hosiery;2020-05;12,39
Tops & Tees;2020-05;36,29
Intimates;2020-05;34,83
Blazers & Jackets;2020-05;59,65
Skirts;2020-05;33,87
Socks;2020-05;18,37
Fashion Hoodies & Sweatshirts;2020-05;53,45
Underwear;2020-05;25,67
Active;2020-05;114,46
Swim;2020-05;54,95
Maternity;2020-05;33,74
Sweaters;2020-05;69,96
Pants & Capris;2020-05;40,03
Shorts;2020-05;51,79
Pants;2020-05;62,98
Plus;2020-05;54,39
Suits & Sport Coats;2020-05;109,21
Jeans;2020-05;94,47
Dresses;2020-05;88,62
Outerwear & Coats;2020-05;123,05
Jumpsuits & Rompers;2020-05;60,44
Suits;2020-05;144,0
Accessories;2020-06;57,62
Socks & Hosiery;2020-06;15,68
Active;2020-06;36,45
Tops & Tees;2020-06;31,15
Intimates;2020-06;40,39
Plus;2020-06;38,84
Socks;2020-06;21,09
Shorts;2020-06;47,09
Leggings;2020-06;14,15
Fashion Hoodies & Sweatshirts;2020-06;48,22
Swim;2020-06;56,45
Sleep & Lounge;2020-06;37,67
Underwear;2020-06;20,96
Pants;2020-06;59,0
Suits & Sport Coats;2020-06;95,69
Sweaters;2020-06;68,69
Maternity;2020-06;47,83
Outerwear & Coats;2020-06;149,29
Skirts;2020-06;34,73
Jeans;2020-06;91,62
Dresses;2020-06;78,22
Pants & Capris;2020-06;35,0
Blazers & Jackets;2020-06;188,34
Suits;2020-06;116,79
Accessories;2020-07;60,65
Intimates;2020-07;29,72
Leggings;2020-07;21,44
Socks;2020-07;18,55
Shorts;2020-07;35,98
Socks & Hosiery;2020-07;12,57
Skirts;2020-07;35,92
Sleep & Lounge;2020-07;47,24
Plus;2020-07;67,41
Sweaters;2020-07;88,26
Jeans;2020-07;122,82
Blazers & Jackets;2020-07;65,05
Tops & Tees;2020-07;50,81
Pants;2020-07;62,86
Pants & Capris;2020-07;43,23
Underwear;2020-07;25,34
Dresses;2020-07;93,17
Fashion Hoodies & Sweatshirts;2020-07;52,83
Swim;2020-07;55,01
Suits & Sport Coats;2020-07;198,47
Maternity;2020-07;45,69
Active;2020-07;44,99
Jumpsuits & Rompers;2020-07;29,99
Outerwear & Coats;2020-07;131,77
Suits;2020-07;143,57
Plus;2020-08;29,84
Shorts;2020-08;46,39
Socks & Hosiery;2020-08;9,99
Leggings;2020-08;94,0
Active;2020-08;47,19
Accessories;2020-08;45,26
Sleep & Lounge;2020-08;48,94
Intimates;2020-08;34,79
Pants & Capris;2020-08;37,98
Jumpsuits & Rompers;2020-08;11,08
Socks;2020-08;19,33
Blazers & Jackets;2020-08;81,19
Maternity;2020-08;25,43
Underwear;2020-08;27,05
Skirts;2020-08;129,97
Tops & Tees;2020-08;40,68
Fashion Hoodies & Sweatshirts;2020-08;43,24
Swim;2020-08;63,34
Sweaters;2020-08;64,15
Jeans;2020-08;90,47
Suits & Sport Coats;2020-08;159,57
Outerwear & Coats;2020-08;203,74
Dresses;2020-08;159,71
Pants;2020-08;94,99
Suits;2020-08;135,3
Socks & Hosiery;2020-09;12,99
Accessories;2020-09;53,01
Leggings;2020-09;26,53
Shorts;2020-09;73,15
Tops & Tees;2020-09;44,03
Dresses;2020-09;66,74
Intimates;2020-09;24,23
Active;2020-09;47,2
Skirts;2020-09;45,89
Socks;2020-09;18,61
Plus;2020-09;30,0
Fashion Hoodies & Sweatshirts;2020-09;55,77
Sweaters;2020-09;61,43
Pants;2020-09;44,75
Sleep & Lounge;2020-09;47,78
Underwear;2020-09;32,61
Maternity;2020-09;39,56
Swim;2020-09;60,61
Jumpsuits & Rompers;2020-09;33,4
Suits;2020-09;19,99
Pants & Capris;2020-09;41,54
Outerwear & Coats;2020-09;121,82
Jeans;2020-09;112,24
Suits & Sport Coats;2020-09;158,44
Blazers & Jackets;2020-09;172,52
Socks & Hosiery;2020-10;21,61
Plus;2020-10;47,68
Intimates;2020-10;28,03
Leggings;2020-10;30,24
Sleep & Lounge;2020-10;41,88
Tops & Tees;2020-10;40,97
Socks;2020-10;20,23
Accessories;2020-10;38,12
Blazers & Jackets;2020-10;95,3
Fashion Hoodies & Sweatshirts;2020-10;49,38
Pants;2020-10;71,04
Maternity;2020-10;59,85
Dresses;2020-10;98,71
Underwear;2020-10;24,52
Active;2020-10;52,89
Suits & Sport Coats;2020-10;106,41
Shorts;2020-10;33,44
Swim;2020-10;57,17
Skirts;2020-10;107,83
Jumpsuits & Rompers;2020-10;22,4
Sweaters;2020-10;72,48
Jeans;2020-10;84,3
Pants & Capris;2020-10;48,53
Outerwear & Coats;2020-10;168,5
Suits;2020-10;66,99
Clothing Sets;2020-10;199,95
Leggings;2020-11;22,25
Accessories;2020-11;42,02
Plus;2020-11;29,46
Intimates;2020-11;26,22
Sleep & Lounge;2020-11;70,8
Tops & Tees;2020-11;35,79
Socks;2020-11;18,61
Active;2020-11;53,44
Socks & Hosiery;2020-11;33,8
Sweaters;2020-11;75,45
Shorts;2020-11;44,84
Dresses;2020-11;98,08
Pants & Capris;2020-11;37,88
Underwear;2020-11;38,56
Fashion Hoodies & Sweatshirts;2020-11;47,27
Jeans;2020-11;91,14
Pants;2020-11;65,43
Swim;2020-11;51,56
Maternity;2020-11;59,38
Suits & Sport Coats;2020-11;95,09
Blazers & Jackets;2020-11;137,8
Skirts;2020-11;80,96
Outerwear & Coats;2020-11;112,64
Jumpsuits & Rompers;2020-11;86,5
Suits;2020-11;149,0
Sweaters;2020-12;81,77
Socks & Hosiery;2020-12;12,67
Accessories;2020-12;46,15
Plus;2020-12;40,9
Leggings;2020-12;38,47
Dresses;2020-12;84,8
Intimates;2020-12;41,47
Socks;2020-12;19,43
Blazers & Jackets;2020-12;64,15
Active;2020-12;73,93
Shorts;2020-12;52,55
Fashion Hoodies & Sweatshirts;2020-12;55,42
Sleep & Lounge;2020-12;49,5
Underwear;2020-12;28,95
Tops & Tees;2020-12;32,5
Pants;2020-12;68,7
Suits & Sport Coats;2020-12;170,21
Skirts;2020-12;39,13
Swim;2020-12;58,3
Pants & Capris;2020-12;44,19
Suits;2020-12;81,42
Maternity;2020-12;44,73
Jumpsuits & Rompers;2020-12;24,99
Outerwear & Coats;2020-12;84,9
Clothing Sets;2020-12;32,97
Jeans;2020-12;98,61
Socks & Hosiery;2021-01;17,04
Sleep & Lounge;2021-01;56,06
Plus;2021-01;9,19
Socks;2021-01;17,85
Accessories;2021-01;40,99
Leggings;2021-01;15,28
Shorts;2021-01;48,39
Intimates;2021-01;34,1
Underwear;2021-01;24,98
Sweaters;2021-01;67,04
Dresses;2021-01;98,35
Outerwear & Coats;2021-01;211,83
Fashion Hoodies & Sweatshirts;2021-01;59,36
Tops & Tees;2021-01;34,81
Active;2021-01;47,78
Jumpsuits & Rompers;2021-01;38,39
Pants & Capris;2021-01;74,5
Pants;2021-01;64,51
Suits & Sport Coats;2021-01;136,07
Swim;2021-01;64,95
Maternity;2021-01;53,45
Suits;2021-01;76,75
Blazers & Jackets;2021-01;106,62
Jeans;2021-01;91,44
Skirts;2021-01;98,76
Accessories;2021-02;29,2
Plus;2021-02;24,51
Intimates;2021-02;35,22
Socks & Hosiery;2021-02;17,09
Socks;2021-02;19,72
Shorts;2021-02;47,22
Tops & Tees;2021-02;44,06
Leggings;2021-02;64,32
Sleep & Lounge;2021-02;51,26
Blazers & Jackets;2021-02;49,97
Underwear;2021-02;25,96
Sweaters;2021-02;56,28
Active;2021-02;43,03
Maternity;2021-02;58,26
Fashion Hoodies & Sweatshirts;2021-02;55,82
Pants;2021-02;55,03
Suits & Sport Coats;2021-02;139,11
Swim;2021-02;55,29
Jeans;2021-02;107,45
Outerwear & Coats;2021-02;118,82
Pants & Capris;2021-02;41,75
Dresses;2021-02;74,26
Skirts;2021-02;229,22
Jumpsuits & Rompers;2021-02;64,07
Suits;2021-02;108,97
Clothing Sets;2021-02;129,0
Accessories;2021-03;37,72
Plus;2021-03;54,14
Tops & Tees;2021-03;41,36
Leggings;2021-03;14,54
Intimates;2021-03;32,85
Socks;2021-03;15,09
Blazers & Jackets;2021-03;71,67
Shorts;2021-03;40,34
Dresses;2021-03;71,45
Active;2021-03;45,24
Underwear;2021-03;24,78
Outerwear & Coats;2021-03;156,62
Sleep & Lounge;2021-03;64,25
Fashion Hoodies & Sweatshirts;2021-03;53,73
Socks & Hosiery;2021-03;25,0
Sweaters;2021-03;80,46
Skirts;2021-03;45,86
Swim;2021-03;70,13
Pants;2021-03;56,43
Suits & Sport Coats;2021-03;191,96
Jeans;2021-03;90,27
Pants & Capris;2021-03;56,15
Maternity;2021-03;57,33
Suits;2021-03;113,83
Intimates;2021-04;34,74
Accessories;2021-04;31,65
Active;2021-04;62,63
Socks & Hosiery;2021-04;14,57
Socks;2021-04;15,79
Plus;2021-04;36,85
Skirts;2021-04;48,8
Leggings;2021-04;15,43
Jumpsuits & Rompers;2021-04;40,35
Blazers & Jackets;2021-04;89,42
Shorts;2021-04;48,18
Suits & Sport Coats;2021-04;138,75
Dresses;2021-04;50,93
Sleep & Lounge;2021-04;42,98
Underwear;2021-04;28,58
Pants;2021-04;59,36
Sweaters;2021-04;72,11
Tops & Tees;2021-04;52,95
Swim;2021-04;53,02
Outerwear & Coats;2021-04;128,12
Maternity;2021-04;58,73
Pants & Capris;2021-04;57,61
Fashion Hoodies & Sweatshirts;2021-04;59,58
Jeans;2021-04;106,13
Clothing Sets;2021-04;59,0
Suits;2021-04;84,12
Intimates;2021-05;35,18
Accessories;2021-05;46,28
Plus;2021-05;32,16
Socks;2021-05;15,43
Active;2021-05;39,51
Socks & Hosiery;2021-05;17,24
Underwear;2021-05;26,91
Leggings;2021-05;23,63
Sleep & Lounge;2021-05;51,32
Shorts;2021-05;44,03
Blazers & Jackets;2021-05;82,25
Suits & Sport Coats;2021-05;94,19
Pants & Capris;2021-05;41,03
Tops & Tees;2021-05;41,55
Pants;2021-05;56,85
Skirts;2021-05;64,98
Maternity;2021-05;52,86
Dresses;2021-05;54,96
Sweaters;2021-05;87,71
Fashion Hoodies & Sweatshirts;2021-05;52,28
Swim;2021-05;59,2
Jeans;2021-05;87,84
Outerwear & Coats;2021-05;124,94
Suits;2021-05;127,51
Accessories;2021-06;55,87
Plus;2021-06;34,12
Socks & Hosiery;2021-06;13,1
Intimates;2021-06;34,03
Leggings;2021-06;23,73
Socks;2021-06;15,59
Shorts;2021-06;42,72
Blazers & Jackets;2021-06;82,21
Dresses;2021-06;73,09
Sleep & Lounge;2021-06;47,25
Pants & Capris;2021-06;37,66
Active;2021-06;43,29
Tops & Tees;2021-06;36,67
Fashion Hoodies & Sweatshirts;2021-06;61,42
Skirts;2021-06;35,89
Sweaters;2021-06;76,0
Pants;2021-06;54,86
Swim;2021-06;48,05
Jeans;2021-06;102,09
Underwear;2021-06;28,29
Suits & Sport Coats;2021-06;139,27
Jumpsuits & Rompers;2021-06;75,25
Maternity;2021-06;63,96
Clothing Sets;2021-06;32,97
Suits;2021-06;33,99
Outerwear & Coats;2021-06;164,97
Socks & Hosiery;2021-07;14,18
Accessories;2021-07;50,88
Maternity;2021-07;54,78
Socks;2021-07;24,1
Skirts;2021-07;152,12
Plus;2021-07;59,11
Intimates;2021-07;30,82
Sleep & Lounge;2021-07;46,41
Blazers & Jackets;2021-07;34,86
Leggings;2021-07;20,27
Underwear;2021-07;30,13
Sweaters;2021-07;78,19
Dresses;2021-07;96,06
Shorts;2021-07;45,63
Tops & Tees;2021-07;44,97
Active;2021-07;38,95
Jumpsuits & Rompers;2021-07;39,52
Pants;2021-07;64,02
Fashion Hoodies & Sweatshirts;2021-07;58,89
Pants & Capris;2021-07;61,71
Swim;2021-07;60,22
Jeans;2021-07;97,81
Outerwear & Coats;2021-07;120,24
Suits & Sport Coats;2021-07;86,95
Clothing Sets;2021-07;55,99
Suits;2021-07;93,82
Intimates;2021-08;36,17
Plus;2021-08;19,65
Pants & Capris;2021-08;62,61
Accessories;2021-08;56,54
Dresses;2021-08;78,73
Shorts;2021-08;43,1
Socks;2021-08;16,77
Socks & Hosiery;2021-08;17,86
Underwear;2021-08;28,76
Sleep & Lounge;2021-08;49,92
Leggings;2021-08;44,5
Active;2021-08;47,54
Suits & Sport Coats;2021-08;148,13
Maternity;2021-08;42,2
Fashion Hoodies & Sweatshirts;2021-08;62,72
Tops & Tees;2021-08;38,46
Outerwear & Coats;2021-08;129,77
Pants;2021-08;59,53
Sweaters;2021-08;61,98
Swim;2021-08;54,23
Jeans;2021-08;106,92
Skirts;2021-08;174,5
Blazers & Jackets;2021-08;100,07
Jumpsuits & Rompers;2021-08;57,26
Suits;2021-08;151,92
Accessories;2021-09;35,02
Plus;2021-09;24,24
Leggings;2021-09;26,5
Socks;2021-09;18,1
Intimates;2021-09;33,7
Tops & Tees;2021-09;43,27
Active;2021-09;45,82
Dresses;2021-09;105,62
Socks & Hosiery;2021-09;17,2
Sleep & Lounge;2021-09;52,19
Shorts;2021-09;43,2
Jumpsuits & Rompers;2021-09;41,0
Blazers & Jackets;2021-09;91,49
Pants & Capris;2021-09;48,98
Sweaters;2021-09;86,16
Pants;2021-09;60,37
Underwear;2021-09;29,83
Swim;2021-09;57,17
Suits & Sport Coats;2021-09;136,0
Fashion Hoodies & Sweatshirts;2021-09;59,57
Jeans;2021-09;88,38
Maternity;2021-09;68,12
Skirts;2021-09;44,71
Outerwear & Coats;2021-09;145,06
Clothing Sets;2021-09;38,99
Suits;2021-09;110,98
Accessories;2021-10;42,91
Socks & Hosiery;2021-10;16,55
Leggings;2021-10;22,51
Shorts;2021-10;44,13
Intimates;2021-10;29,79
Socks;2021-10;15,85
Underwear;2021-10;27,89
Sleep & Lounge;2021-10;41,77
Swim;2021-10;60,8
Jumpsuits & Rompers;2021-10;35,84
Plus;2021-10;44,09
Dresses;2021-10;111,65
Pants;2021-10;62,3
Tops & Tees;2021-10;43,95
Blazers & Jackets;2021-10;126,94
Sweaters;2021-10;69,88
Skirts;2021-10;166,62
Maternity;2021-10;45,92
Fashion Hoodies & Sweatshirts;2021-10;53,84
Pants & Capris;2021-10;54,14
Active;2021-10;54,54
Suits & Sport Coats;2021-10;134,02
Jeans;2021-10;97,28
Outerwear & Coats;2021-10;152,07
Suits;2021-10;91,89
Accessories;2021-11;58,38
Intimates;2021-11;38,09
Plus;2021-11;33,44
Socks;2021-11;14,54
Leggings;2021-11;47,64
Underwear;2021-11;29,25
Shorts;2021-11;35,71
Dresses;2021-11;62,85
Skirts;2021-11;66,51
Blazers & Jackets;2021-11;53,65
Pants & Capris;2021-11;41,47
Active;2021-11;57,47
Tops & Tees;2021-11;49,66
Socks & Hosiery;2021-11;20,02
Sweaters;2021-11;70,77
Fashion Hoodies & Sweatshirts;2021-11;49,49
Jumpsuits & Rompers;2021-11;77,0
Sleep & Lounge;2021-11;48,07
Maternity;2021-11;43,79
Pants;2021-11;62,74
Suits & Sport Coats;2021-11;98,36
Swim;2021-11;56,0
Jeans;2021-11;103,69
Suits;2021-11;105,7
Outerwear & Coats;2021-11;187,25
Plus;2021-12;35,08
Accessories;2021-12;38,75
Socks;2021-12;19,55
Leggings;2021-12;44,29
Socks & Hosiery;2021-12;16,52
Underwear;2021-12;29,03
Sleep & Lounge;2021-12;52,04
Skirts;2021-12;35,3
Dresses;2021-12;65,42
Tops & Tees;2021-12;40,41
Intimates;2021-12;36,67
Blazers & Jackets;2021-12;109,79
Shorts;2021-12;42,05
Active;2021-12;63,48
Pants & Capris;2021-12;53,51
Suits & Sport Coats;2021-12;116,06
Pants;2021-12;56,08
Swim;2021-12;54,41
Maternity;2021-12;35,71
Fashion Hoodies & Sweatshirts;2021-12;55,39
Sweaters;2021-12;75,51
Outerwear & Coats;2021-12;137,3
Jeans;2021-12;92,7
Jumpsuits & Rompers;2021-12;39,95
Clothing Sets;2021-12;69,99
Suits;2021-12;140,08
Plus;2022-01;38,19
Socks & Hosiery;2022-01;22,42
Socks;2022-01;16,96
Intimates;2022-01;32,2
Maternity;2022-01;64,67
Active;2022-01;51,28
Leggings;2022-01;52,05
Skirts;2022-01;33,54
Accessories;2022-01;36,71
Underwear;2022-01;23,77
Sweaters;2022-01;71,77
Dresses;2022-01;74,06
Tops & Tees;2022-01;38,8
Blazers & Jackets;2022-01;85,1
Sleep & Lounge;2022-01;45,3
Shorts;2022-01;42,8
Jumpsuits & Rompers;2022-01;23,28
Fashion Hoodies & Sweatshirts;2022-01;51,83
Pants & Capris;2022-01;53,3
Jeans;2022-01;112,89
Pants;2022-01;64,34
Suits & Sport Coats;2022-01;127,61
Swim;2022-01;57,59
Suits;2022-01;100,37
Outerwear & Coats;2022-01;172,62
Clothing Sets;2022-01;73,61
Accessories;2022-02;43,19
Tops & Tees;2022-02;27,9
Socks & Hosiery;2022-02;13,22
Socks;2022-02;19,84
Leggings;2022-02;18,42
Maternity;2022-02;41,53
Plus;2022-02;34,42
Dresses;2022-02;75,16
Underwear;2022-02;24,14
Intimates;2022-02;32,44
Pants & Capris;2022-02;38,03
Blazers & Jackets;2022-02;77,43
Pants;2022-02;80,73
Fashion Hoodies & Sweatshirts;2022-02;60,86
Sweaters;2022-02;81,82
Sleep & Lounge;2022-02;41,02
Active;2022-02;39,2
Shorts;2022-02;49,99
Jumpsuits & Rompers;2022-02;13,24
Skirts;2022-02;101,77
Swim;2022-02;50,5
Suits & Sport Coats;2022-02;143,68
Outerwear & Coats;2022-02;148,67
Jeans;2022-02;105,6
Suits;2022-02;127,99
Accessories;2022-03;45,09
Intimates;2022-03;33,4
Socks & Hosiery;2022-03;16,17
Swim;2022-03;55,09
Socks;2022-03;15,68
Plus;2022-03;23,71
Dresses;2022-03;76,9
Leggings;2022-03;23,32
Shorts;2022-03;61,41
Jumpsuits & Rompers;2022-03;43,22
Tops & Tees;2022-03;46,73
Sleep & Lounge;2022-03;47,37
Active;2022-03;38,74
Sweaters;2022-03;71,09
Underwear;2022-03;30,15
Maternity;2022-03;57,53
Suits & Sport Coats;2022-03;89,99
Skirts;2022-03;40,43
Fashion Hoodies & Sweatshirts;2022-03;52,58
Outerwear & Coats;2022-03;122,0
Pants;2022-03;55,93
Jeans;2022-03;103,61
Blazers & Jackets;2022-03;125,37
Pants & Capris;2022-03;85,85
Suits;2022-03;101,18
Clothing Sets;2022-03;120,0
Accessories;2022-04;39,45
Socks & Hosiery;2022-04;16,53
Socks;2022-04;17,25
Sweaters;2022-04;88,86
Leggings;2022-04;18,58
Underwear;2022-04;23,43
Intimates;2022-04;34,44
Sleep & Lounge;2022-04;44,78
Tops & Tees;2022-04;39,94
Dresses;2022-04;63,41
Fashion Hoodies & Sweatshirts;2022-04;57,16
Shorts;2022-04;45,1
Plus;2022-04;46,89
Active;2022-04;42,41
Blazers & Jackets;2022-04;74,75
Pants & Capris;2022-04;42,49
Maternity;2022-04;46,05
Swim;2022-04;63,05
Suits & Sport Coats;2022-04;102,58
Pants;2022-04;60,19
Jumpsuits & Rompers;2022-04;69,49
Jeans;2022-04;95,16
Skirts;2022-04;67,08
Outerwear & Coats;2022-04;151,93
Clothing Sets;2022-04;70,0
Suits;2022-04;129,3
Accessories;2022-05;37,43
Intimates;2022-05;34,14
Tops & Tees;2022-05;42,49
Socks;2022-05;17,49
Leggings;2022-05;38,86
Plus;2022-05;37,93
Shorts;2022-05;37,47
Socks & Hosiery;2022-05;15,39
Skirts;2022-05;40,89
Active;2022-05;59,85
Suits & Sport Coats;2022-05;133,4
Sleep & Lounge;2022-05;54,6
Blazers & Jackets;2022-05;92,22
Dresses;2022-05;87,1
Pants;2022-05;58,11
Jumpsuits & Rompers;2022-05;13,31
Maternity;2022-05;50,09
Fashion Hoodies & Sweatshirts;2022-05;53,36
Underwear;2022-05;27,94
Sweaters;2022-05;76,79
Jeans;2022-05;96,62
Outerwear & Coats;2022-05;116,39
Pants & Capris;2022-05;45,69
Swim;2022-05;61,86
Suits;2022-05;137,27
Clothing Sets;2022-05;95,85
Accessories;2022-06;42,22
Intimates;2022-06;30,56
Socks & Hosiery;2022-06;20,21
Plus;2022-06;35,86
Underwear;2022-06;25,91
Skirts;2022-06;43,74
Active;2022-06;42,47
Leggings;2022-06;30,61
Tops & Tees;2022-06;32,02
Dresses;2022-06;67,17
Socks;2022-06;17,18
Jeans;2022-06;91,25
Pants & Capris;2022-06;49,41
Jumpsuits & Rompers;2022-06;50,71
Blazers & Jackets;2022-06;70,42
Fashion Hoodies & Sweatshirts;2022-06;46,43
Sleep & Lounge;2022-06;44,7
Shorts;2022-06;42,77
Sweaters;2022-06;76,5
Maternity;2022-06;50,73
Swim;2022-06;65,13
Pants;2022-06;64,04
Suits & Sport Coats;2022-06;93,69
Outerwear & Coats;2022-06;140,85
Suits;2022-06;119,89
Clothing Sets;2022-06;82,49
Accessories;2022-07;39,06
Plus;2022-07;26,81
Socks & Hosiery;2022-07;22,98
Leggings;2022-07;27,49
Intimates;2022-07;32,68
Shorts;2022-07;40,08
Maternity;2022-07;51,51
Socks;2022-07;17,32
Sweaters;2022-07;76,4
Active;2022-07;52,87
Skirts;2022-07;35,82
Blazers & Jackets;2022-07;99,02
Underwear;2022-07;24,97
Dresses;2022-07;114,73
Tops & Tees;2022-07;48,53
Sleep & Lounge;2022-07;52,91
Fashion Hoodies & Sweatshirts;2022-07;52,93
Pants;2022-07;66,96
Jumpsuits & Rompers;2022-07;34,66
Pants & Capris;2022-07;47,6
Suits & Sport Coats;2022-07;112,99
Swim;2022-07;62,6
Jeans;2022-07;95,91
Outerwear & Coats;2022-07;131,92
Suits;2022-07;99,49
Clothing Sets;2022-07;104,99
Plus;2022-08;25,62
Intimates;2022-08;32,72
Accessories;2022-08;34,09
Socks;2022-08;19,17
Socks & Hosiery;2022-08;16,21
Active;2022-08;40,34
Leggings;2022-08;31,5
Blazers & Jackets;2022-08;62,54
Skirts;2022-08;28,15
Tops & Tees;2022-08;40,03
Shorts;2022-08;44,9
Jumpsuits & Rompers;2022-08;33,77
Dresses;2022-08;62,53
Underwear;2022-08;33,07
Fashion Hoodies & Sweatshirts;2022-08;54,65
Pants;2022-08;58,15
Sleep & Lounge;2022-08;45,65
Sweaters;2022-08;71,42
Maternity;2022-08;58,25
Swim;2022-08;58,46
Outerwear & Coats;2022-08;113,21
Suits & Sport Coats;2022-08;112,97
Jeans;2022-08;104,94
Pants & Capris;2022-08;74,93
Clothing Sets;2022-08;57,99
Suits;2022-08;138,3
Plus;2022-09;28,24
Socks & Hosiery;2022-09;13,15
Accessories;2022-09;43,03
Active;2022-09;66,98
Shorts;2022-09;44,09
Intimates;2022-09;31,07
Socks;2022-09;19,14
Pants & Capris;2022-09;62,98
Underwear;2022-09;24,26
Maternity;2022-09;53,53
Dresses;2022-09;86,15
Skirts;2022-09;33,2
Tops & Tees;2022-09;41,19
Sleep & Lounge;2022-09;51,79
Jumpsuits & Rompers;2022-09;43,51
Blazers & Jackets;2022-09;91,41
Fashion Hoodies & Sweatshirts;2022-09;59,65
Leggings;2022-09;25,03
Pants;2022-09;59,23
Suits & Sport Coats;2022-09;119,4
Swim;2022-09;65,37
Sweaters;2022-09;80,4
Outerwear & Coats;2022-09;182,78
Jeans;2022-09;97,48
Clothing Sets;2022-09;38,99
Suits;2022-09;104,92
Accessories;2022-10;41,08
Plus;2022-10;28,26
Intimates;2022-10;35,15
Underwear;2022-10;26,45
Leggings;2022-10;19,81
Dresses;2022-10;63,76
Socks;2022-10;16,99
Tops & Tees;2022-10;44,7
Socks & Hosiery;2022-10;18,41
Sweaters;2022-10;66,19
Sleep & Lounge;2022-10;41,41
Active;2022-10;68,91
Blazers & Jackets;2022-10;114,46
Suits & Sport Coats;2022-10;111,07
Shorts;2022-10;46,33
Pants;2022-10;47,14
Maternity;2022-10;46,59
Swim;2022-10;53,04
Jumpsuits & Rompers;2022-10;140,73
Fashion Hoodies & Sweatshirts;2022-10;51,79
Skirts;2022-10;60,39
Pants & Capris;2022-10;40,11
Jeans;2022-10;96,37
Outerwear & Coats;2022-10;142,77
Suits;2022-10;98,84
Accessories;2022-11;43,05
Socks & Hosiery;2022-11;17,94
Plus;2022-11;30,72
Socks;2022-11;19,35
Intimates;2022-11;28,25
Leggings;2022-11;23,99
Active;2022-11;42,95
Tops & Tees;2022-11;44,63
Maternity;2022-11;60,42
Blazers & Jackets;2022-11;69,79
Underwear;2022-11;28,14
Sweaters;2022-11;89,26
Dresses;2022-11;72,72
Jumpsuits & Rompers;2022-11;24,72
Sleep & Lounge;2022-11;42,76
Shorts;2022-11;44,66
Fashion Hoodies & Sweatshirts;2022-11;48,16
Suits & Sport Coats;2022-11;140,91
Swim;2022-11;57,12
Pants & Capris;2022-11;49,88
Skirts;2022-11;31,64
Pants;2022-11;61,21
Outerwear & Coats;2022-11;140,47
Jeans;2022-11;103,6
Suits;2022-11;135,83
Clothing Sets;2022-11;99,99
Socks & Hosiery;2022-12;16,19
Maternity;2022-12;40,83
Intimates;2022-12;36,81
Socks;2022-12;18,24
Accessories;2022-12;42,68
Leggings;2022-12;29,64
Skirts;2022-12;50,82
Plus;2022-12;46,51
Blazers & Jackets;2022-12;72,54
Tops & Tees;2022-12;42,14
Shorts;2022-12;45,16
Active;2022-12;67,58
Dresses;2022-12;99,8
Underwear;2022-12;25,69
Pants & Capris;2022-12;46,33
Sleep & Lounge;2022-12;39,94
Sweaters;2022-12;66,0
Swim;2022-12;57,55
Suits & Sport Coats;2022-12;123,85
Fashion Hoodies & Sweatshirts;2022-12;52,98
Jumpsuits & Rompers;2022-12;17,45
Pants;2022-12;63,25
Outerwear & Coats;2022-12;130,58
Jeans;2022-12;110,97
Suits;2022-12;145,15
Clothing Sets;2022-12;96,33
Accessories;2023-01;41,94
Plus;2023-01;34,34
Intimates;2023-01;35,08
Maternity;2023-01;58,83
Socks & Hosiery;2023-01;16,22
Socks;2023-01;20,39
Underwear;2023-01;27,62
Leggings;2023-01;35,46
Shorts;2023-01;49,55
Sweaters;2023-01;73,39
Skirts;2023-01;38,89
Tops & Tees;2023-01;44,57
Sleep & Lounge;2023-01;42,14
Dresses;2023-01;90,94
Pants;2023-01;58,49
Jumpsuits & Rompers;2023-01;18,03
Active;2023-01;54,94
Swim;2023-01;55,83
Blazers & Jackets;2023-01;38,17
Pants & Capris;2023-01;82,77
Fashion Hoodies & Sweatshirts;2023-01;50,97
Suits & Sport Coats;2023-01;132,62
Jeans;2023-01;89,68
Outerwear & Coats;2023-01;110,74
Suits;2023-01;117,03
Clothing Sets;2023-01;62,99
Socks;2023-02;18,6
Intimates;2023-02;32,76
Accessories;2023-02;41,21
Plus;2023-02;30,61
Leggings;2023-02;15,47
Socks & Hosiery;2023-02;21,59
Active;2023-02;43,16
Shorts;2023-02;49,48
Tops & Tees;2023-02;44,04
Blazers & Jackets;2023-02;91,7
Jeans;2023-02;98,82
Swim;2023-02;50,54
Sweaters;2023-02;65,84
Jumpsuits & Rompers;2023-02;73,79
Pants & Capris;2023-02;58,12
Sleep & Lounge;2023-02;47,46
Underwear;2023-02;27,92
Fashion Hoodies & Sweatshirts;2023-02;56,57
Dresses;2023-02;94,75
Maternity;2023-02;50,08
Suits & Sport Coats;2023-02;89,51
Pants;2023-02;58,28
Skirts;2023-02;73,39
Outerwear & Coats;2023-02;133,62
Suits;2023-02;96,89
Accessories;2023-03;48,11
Intimates;2023-03;32,94
Socks;2023-03;18,01
Plus;2023-03;39,98
Leggings;2023-03;23,24
Socks & Hosiery;2023-03;15,84
Active;2023-03;55,66
Underwear;2023-03;27,84
Sleep & Lounge;2023-03;54,4
Skirts;2023-03;41,16
Dresses;2023-03;62,24
Shorts;2023-03;48,34
Tops & Tees;2023-03;43,21
Maternity;2023-03;45,18
Blazers & Jackets;2023-03;76,85
Jumpsuits & Rompers;2023-03;33,0
Suits & Sport Coats;2023-03;150,7
Sweaters;2023-03;70,41
Fashion Hoodies & Sweatshirts;2023-03;50,46
Pants;2023-03;54,07
Pants & Capris;2023-03;48,71
Outerwear & Coats;2023-03;154,62
Swim;2023-03;60,64
Jeans;2023-03;90,69
Clothing Sets;2023-03;82,99
Suits;2023-03;123,36
Accessories;2023-04;34,94
Plus;2023-04;36,6
Intimates;2023-04;31,74
Socks;2023-04;18,57
Underwear;2023-04;29,76
Leggings;2023-04;25,49
Socks & Hosiery;2023-04;14,55
Shorts;2023-04;52,29
Tops & Tees;2023-04;42,08
Skirts;2023-04;57,51
Swim;2023-04;53,68
Dresses;2023-04;89,2
Active;2023-04;68,06
Sweaters;2023-04;76,2
Fashion Hoodies & Sweatshirts;2023-04;52,43
Sleep & Lounge;2023-04;46,01
Blazers & Jackets;2023-04;119,14
Jumpsuits & Rompers;2023-04;52,45
Pants & Capris;2023-04;55,88
Maternity;2023-04;53,95
Pants;2023-04;58,06
Jeans;2023-04;90,32
Suits;2023-04;131,13
Outerwear & Coats;2023-04;130,31
Suits & Sport Coats;2023-04;118,54
Clothing Sets;2023-04;53,65
Accessories;2023-05;51,96
Plus;2023-05;41,2
Socks;2023-05;18,07
Shorts;2023-05;56,66
Tops & Tees;2023-05;41,07
Leggings;2023-05;33,09
Underwear;2023-05;26,09
Socks & Hosiery;2023-05;16,69
Intimates;2023-05;31,04
Sweaters;2023-05;75,23
Sleep & Lounge;2023-05;46,12
Blazers & Jackets;2023-05;84,79
Skirts;2023-05;45,87
Dresses;2023-05;80,01
Active;2023-05;50,82
Jumpsuits & Rompers;2023-05;48,46
Swim;2023-05;55,55
Pants & Capris;2023-05;52,18
Fashion Hoodies & Sweatshirts;2023-05;54,2
Suits & Sport Coats;2023-05;98,07
Maternity;2023-05;54,88
Pants;2023-05;67,76
Outerwear & Coats;2023-05;132,03
Jeans;2023-05;102,21
Suits;2023-05;70,96
Clothing Sets;2023-05;57,99
Accessories;2023-06;42,43
Sleep & Lounge;2023-06;43,37
Intimates;2023-06;29,22
Plus;2023-06;39,58
Maternity;2023-06;55,98
Socks & Hosiery;2023-06;16,23
Leggings;2023-06;32,66
Socks;2023-06;31,76
Underwear;2023-06;27,02
Shorts;2023-06;39,33
Tops & Tees;2023-06;42,23
Active;2023-06;45,97
Fashion Hoodies & Sweatshirts;2023-06;52,09
Dresses;2023-06;81,23
Jumpsuits & Rompers;2023-06;76,96
Blazers & Jackets;2023-06;124,2
Swim;2023-06;58,68
Sweaters;2023-06;83,12
Pants & Capris;2023-06;51,48
Skirts;2023-06;65,27
Suits & Sport Coats;2023-06;128,53
Pants;2023-06;64,39
Outerwear & Coats;2023-06;142,58
Jeans;2023-06;103,08
Clothing Sets;2023-06;67,24
Suits;2023-06;131,7
Accessories;2023-07;42,73
Intimates;2023-07;34,2
Underwear;2023-07;25,93
Sweaters;2023-07;80,18
Skirts;2023-07;42,53
Socks & Hosiery;2023-07;14,33
Leggings;2023-07;26,72
Tops & Tees;2023-07;35,23
Shorts;2023-07;41,14
Plus;2023-07;29,68
Dresses;2023-07;77,09
Maternity;2023-07;49,16
Socks;2023-07;19,16
Active;2023-07;41,13
Blazers & Jackets;2023-07;134,15
Swim;2023-07;56,26
Jumpsuits & Rompers;2023-07;15,91
Suits & Sport Coats;2023-07;120,0
Fashion Hoodies & Sweatshirts;2023-07;57,31
Sleep & Lounge;2023-07;57,85
Jeans;2023-07;102,1
Pants & Capris;2023-07;45,74
Pants;2023-07;66,45
Suits;2023-07;105,28
Clothing Sets;2023-07;22,99
Outerwear & Coats;2023-07;142,42
Accessories;2023-08;34,37
Intimates;2023-08;34,94
Plus;2023-08;32,36
Leggings;2023-08;35,09
Tops & Tees;2023-08;41,28
Socks & Hosiery;2023-08;19,37
Underwear;2023-08;28,95
Socks;2023-08;19,69
Shorts;2023-08;66,33
Swim;2023-08;57,37
Sweaters;2023-08;77,23
Blazers & Jackets;2023-08;105,16
Fashion Hoodies & Sweatshirts;2023-08;53,08
Dresses;2023-08;95,71
Sleep & Lounge;2023-08;41,15
Active;2023-08;51,08
Pants & Capris;2023-08;54,53
Pants;2023-08;63,8
Jeans;2023-08;100,92
Skirts;2023-08;75,86
Suits & Sport Coats;2023-08;124,65
Maternity;2023-08;43,17
Suits;2023-08;94,55
Jumpsuits & Rompers;2023-08;72,7
Outerwear & Coats;2023-08;155,31
Clothing Sets;2023-08;117,0
Intimates;2023-09;29,26
Plus;2023-09;33,59
Accessories;2023-09;44,22
Socks;2023-09;32,96
Leggings;2023-09;25,89
Underwear;2023-09;26,9
Shorts;2023-09;41,84
Tops & Tees;2023-09;45,16
Swim;2023-09;51,92
Sweaters;2023-09;78,69
Socks & Hosiery;2023-09;16,48
Active;2023-09;58,64
Skirts;2023-09;42,84
Blazers & Jackets;2023-09;99,77
Dresses;2023-09;80,52
Sleep & Lounge;2023-09;48,97
Fashion Hoodies & Sweatshirts;2023-09;55,89
Maternity;2023-09;45,65
Pants;2023-09;64,56
Outerwear & Coats;2023-09;130,7
Suits & Sport Coats;2023-09;128,22
Pants & Capris;2023-09;67,45
Jeans;2023-09;105,68
Jumpsuits & Rompers;2023-09;79,98
Suits;2023-09;124,94
Clothing Sets;2023-09;159,0
Accessories;2023-10;43,84
Intimates;2023-10;32,58
Socks & Hosiery;2023-10;16,43
Leggings;2023-10;19,93
Underwear;2023-10;25,89
Socks;2023-10;17,51
Plus;2023-10;49,03
Shorts;2023-10;42,5
Dresses;2023-10;75,02
Tops & Tees;2023-10;44,89
Skirts;2023-10;73,14
Jumpsuits & Rompers;2023-10;26,14
Active;2023-10;55,29
Sleep & Lounge;2023-10;48,15
Jeans;2023-10;112,19
Fashion Hoodies & Sweatshirts;2023-10;60,39
Blazers & Jackets;2023-10;77,91
Pants & Capris;2023-10;57,81
Pants;2023-10;58,87
Maternity;2023-10;48,82
Sweaters;2023-10;70,07
Swim;2023-10;56,47
Suits & Sport Coats;2023-10;115,59
Outerwear & Coats;2023-10;139,46
Clothing Sets;2023-10;134,44
Suits;2023-10;126,64
Accessories;2023-11;43,76
Intimates;2023-11;32,46
Plus;2023-11;32,74
Leggings;2023-11;32,86
Tops & Tees;2023-11;42,94
Socks & Hosiery;2023-11;17,22
Socks;2023-11;18,46
Shorts;2023-11;52,46
Blazers & Jackets;2023-11;65,11
Sweaters;2023-11;73,38
Maternity;2023-11;56,21
Active;2023-11;45,0
Dresses;2023-11;75,77
Sleep & Lounge;2023-11;54,17
Pants & Capris;2023-11;52,53
Fashion Hoodies & Sweatshirts;2023-11;57,98
Jumpsuits & Rompers;2023-11;56,03
Suits & Sport Coats;2023-11;141,68
Pants;2023-11;69,09
Underwear;2023-11;26,43
Swim;2023-11;60,85
Outerwear & Coats;2023-11;146,18
Skirts;2023-11;61,51
Jeans;2023-11;90,02
Clothing Sets;2023-11;91,0
Suits;2023-11;111,96
Accessories;2023-12;47,38
Tops & Tees;2023-12;39,54
Plus;2023-12;31,97
Intimates;2023-12;31,99
Active;2023-12;43,03
Shorts;2023-12;48,24
Socks;2023-12;18,58
Socks & Hosiery;2023-12;17,87
Maternity;2023-12;50,76
Leggings;2023-12;27,07
Sleep & Lounge;2023-12;46,23
Dresses;2023-12;79,71
Sweaters;2023-12;76,86
Pants & Capris;2023-12;60,86
Jumpsuits & Rompers;2023-12;55,52
Fashion Hoodies & Sweatshirts;2023-12;53,5
Underwear;2023-12;31,66
Jeans;2023-12;106,38
Blazers & Jackets;2023-12;93,95
Swim;2023-12;58,14
Pants;2023-12;57,54
Outerwear & Coats;2023-12;143,28
Skirts;2023-12;95,25
Suits & Sport Coats;2023-12;113,96
Clothing Sets;2023-12;79,99
Suits;2023-12;123,23
Plus;2024-01;36,82
Accessories;2024-01;40,89
Socks & Hosiery;2024-01;14,32
Intimates;2024-01;37,84
Socks;2024-01;21,91
Underwear;2024-01;26,18
Shorts;2024-01;41,08
Active;2024-01;57,95
Tops & Tees;2024-01;40,06
Blazers & Jackets;2024-01;114,24
Leggings;2024-01;45,5
Jumpsuits & Rompers;2024-01;41,51
Sleep & Lounge;2024-01;46,42
Skirts;2024-01;37,86
Dresses;2024-01;68,66
Swim;2024-01;56,75
Pants & Capris;2024-01;64,66
Fashion Hoodies & Sweatshirts;2024-01;58,6
Sweaters;2024-01;78,09
Maternity;2024-01;49,99
Jeans;2024-01;94,01
Pants;2024-01;58,88
Suits & Sport Coats;2024-01;137,88
Outerwear & Coats;2024-01;132,14
Clothing Sets;2024-01;50,99
Suits;2024-01;141,84
Accessories;2024-02;40,71
Plus;2024-02;34,69
Socks;2024-02;17,44
Leggings;2024-02;27,88
Tops & Tees;2024-02;42,94
Underwear;2024-02;29,06
Swim;2024-02;55,82
Maternity;2024-02;48,32
Socks & Hosiery;2024-02;16,31
Skirts;2024-02;66,54
Active;2024-02;41,7
Pants & Capris;2024-02;43,21
Shorts;2024-02;49,06
Intimates;2024-02;31,47
Blazers & Jackets;2024-02;78,56
Sweaters;2024-02;81,06
Sleep & Lounge;2024-02;45,28
Dresses;2024-02;105,01
Fashion Hoodies & Sweatshirts;2024-02;54,08
Jumpsuits & Rompers;2024-02;21,04
Suits & Sport Coats;2024-02;139,29
Pants;2024-02;66,4
Jeans;2024-02;96,06
Suits;2024-02;105,89
Outerwear & Coats;2024-02;133,21
Clothing Sets;2024-02;69,0
Accessories;2024-03;45,56
Intimates;2024-03;32,02
Sleep & Lounge;2024-03;51,34
Socks & Hosiery;2024-03;18,43
Tops & Tees;2024-03;40,18
Socks;2024-03;18,59
Leggings;2024-03;22,09
Plus;2024-03;52,57
Dresses;2024-03;76,29
Shorts;2024-03;47,08
Underwear;2024-03;27,5
Active;2024-03;52,95
Blazers & Jackets;2024-03;109,56
Sweaters;2024-03;69,34
Skirts;2024-03;45,36
Jumpsuits & Rompers;2024-03;31,31
Suits & Sport Coats;2024-03;121,04
Pants & Capris;2024-03;54,9
Jeans;2024-03;94,82
Suits;2024-03;111,4
Maternity;2024-03;50,15
Swim;2024-03;62,6
Fashion Hoodies & Sweatshirts;2024-03;54,28
Pants;2024-03;67,29
Outerwear & Coats;2024-03;144,04
Clothing Sets;2024-03;67,33
Accessories;2024-04;43,15
Socks & Hosiery;2024-04;17,19
Intimates;2024-04;34,25
Socks;2024-04;28,36
Tops & Tees;2024-04;40,72
Swim;2024-04;64,83
Leggings;2024-04;23,9
Plus;2024-04;44,07
Shorts;2024-04;52,72
Active;2024-04;56,54
Dresses;2024-04;100,1
Maternity;2024-04;47,14
Underwear;2024-04;26,8
Sleep & Lounge;2024-04;54,74
Pants & Capris;2024-04;65,16
Sweaters;2024-04;65,89
Pants;2024-04;64,22
Jumpsuits & Rompers;2024-04;47,89
Blazers & Jackets;2024-04;91,01
Fashion Hoodies & Sweatshirts;2024-04;53,56
Jeans;2024-04;91,37
Suits & Sport Coats;2024-04;131,1
Skirts;2024-04;84,57
Outerwear & Coats;2024-04;127,74
Clothing Sets;2024-04;84,5
Suits;2024-04;131,71
Accessories;2024-05;42,03
Plus;2024-05;47,48
Intimates;2024-05;31,93
Shorts;2024-05;48,0
Leggings;2024-05;32,21
Active;2024-05;63,06
Socks;2024-05;19,56
Socks & Hosiery;2024-05;14,82
Blazers & Jackets;2024-05;85,31
Tops & Tees;2024-05;42,79
Dresses;2024-05;72,74
Jumpsuits & Rompers;2024-05;33,71
Skirts;2024-05;71,11
Sleep & Lounge;2024-05;52,83
Sweaters;2024-05;71,87
Pants;2024-05;59,93
Pants & Capris;2024-05;53,56
Underwear;2024-05;27,1
Maternity;2024-05;58,32
Fashion Hoodies & Sweatshirts;2024-05;56,7
Outerwear & Coats;2024-05;174,03
Swim;2024-05;59,46
Suits & Sport Coats;2024-05;115,8
Suits;2024-05;104,34
Clothing Sets;2024-05;42,66
Jeans;2024-05;107,73
Plus;2024-06;48,79
Accessories;2024-06;39,52
Intimates;2024-06;33,4
Socks;2024-06;18,95
Socks & Hosiery;2024-06;17,4
Underwear;2024-06;26,17
Leggings;2024-06;18,69
Maternity;2024-06;40,84
Shorts;2024-06;43,41
Tops & Tees;2024-06;43,32
Pants & Capris;2024-06;90,99
Active;2024-06;44,63
Dresses;2024-06;71,73
Blazers & Jackets;2024-06;90,07
Jumpsuits & Rompers;2024-06;43,13
Swim;2024-06;58,59
Sleep & Lounge;2024-06;46,12
Fashion Hoodies & Sweatshirts;2024-06;53,51
Sweaters;2024-06;76,13
Skirts;2024-06;40,75
Pants;2024-06;63,17
Suits & Sport Coats;2024-06;122,28
Jeans;2024-06;91,48
Suits;2024-06;116,99
Outerwear & Coats;2024-06;130,27
Accessories;2024-07;40,0
Intimates;2024-07;36,66
Plus;2024-07;31,72
Socks;2024-07;17,32
Leggings;2024-07;29,4
Socks & Hosiery;2024-07;18,07
Tops & Tees;2024-07;39,44
Dresses;2024-07;81,54
Shorts;2024-07;45,78
Skirts;2024-07;33,84
Underwear;2024-07;27,31
Active;2024-07;50,74
Sleep & Lounge;2024-07;46,84
Blazers & Jackets;2024-07;99,6
Jumpsuits & Rompers;2024-07;40,47
Sweaters;2024-07;75,02
Suits & Sport Coats;2024-07;103,59
Pants & Capris;2024-07;59,45
Fashion Hoodies & Sweatshirts;2024-07;51,58
Pants;2024-07;57,62
Swim;2024-07;57,34
Maternity;2024-07;53,6
Suits;2024-07;99,78
Jeans;2024-07;101,08
Outerwear & Coats;2024-07;138,88
Clothing Sets;2024-07;97,2
Maternity;2024-08;47,43
Plus;2024-08;38,79
Socks;2024-08;18,69
Accessories;2024-08;41,49
Leggings;2024-08;21,96
Socks & Hosiery;2024-08;15,77
Underwear;2024-08;25,38
Tops & Tees;2024-08;38,97
Intimates;2024-08;33,35
Shorts;2024-08;48,78
Pants & Capris;2024-08;59,26
Swim;2024-08;55,01
Sweaters;2024-08;84,29
Skirts;2024-08;39,73
Dresses;2024-08;75,55
Blazers & Jackets;2024-08;71,0
Sleep & Lounge;2024-08;47,37
Outerwear & Coats;2024-08;127,18
Pants;2024-08;58,1
Jumpsuits & Rompers;2024-08;66,84
Active;2024-08;58,87
Fashion Hoodies & Sweatshirts;2024-08;52,31
Suits & Sport Coats;2024-08;151,45
Jeans;2024-08;99,56
Suits;2024-08;107,77
Clothing Sets;2024-08;74,99
Maternity;2024-09;47,53
Accessories;2024-09;44,32
Plus;2024-09;41,19
Socks & Hosiery;2024-09;16,54
Socks;2024-09;18,55
Tops & Tees;2024-09;44,45
Intimates;2024-09;32,54
Underwear;2024-09;25,09
Leggings;2024-09;23,3
Shorts;2024-09;41,45
Dresses;2024-09;84,47
Skirts;2024-09;53,96
Sweaters;2024-09;76,65
Active;2024-09;42,41
Sleep & Lounge;2024-09;48,9
Blazers & Jackets;2024-09;92,4
Jumpsuits & Rompers;2024-09;56,34
Fashion Hoodies & Sweatshirts;2024-09;53,51
Suits & Sport Coats;2024-09;102,91
Pants;2024-09;60,39
Pants & Capris;2024-09;54,31
Swim;2024-09;58,17
Suits;2024-09;118,47
Jeans;2024-09;98,81
Outerwear & Coats;2024-09;120,53
Clothing Sets;2024-09;75,71
Intimates;2024-10;33,01
Plus;2024-10;31,88
Accessories;2024-10;39,2
Socks;2024-10;28,4
Socks & Hosiery;2024-10;15,89
Leggings;2024-10;21,17
Tops & Tees;2024-10;39,51
Underwear;2024-10;28,59
Maternity;2024-10;46,15
Shorts;2024-10;50,54
Sleep & Lounge;2024-10;52,75
Dresses;2024-10;83,92
Skirts;2024-10;55,51
Blazers & Jackets;2024-10;89,35
Active;2024-10;45,46
Pants & Capris;2024-10;47,87
Swim;2024-10;58,7
Fashion Hoodies & Sweatshirts;2024-10;52,33
Jumpsuits & Rompers;2024-10;46,26
Sweaters;2024-10;71,49
Pants;2024-10;56,2
Jeans;2024-10;91,64
Outerwear & Coats;2024-10;141,2
Suits & Sport Coats;2024-10;140,06
Suits;2024-10;95,6
Clothing Sets;2024-10;88,74
Accessories;2024-11;46,33
Plus;2024-11;41,36
Intimates;2024-11;34,46
Socks & Hosiery;2024-11;16,07
Socks;2024-11;19,08
Leggings;2024-11;23,92
Active;2024-11;56,37
Shorts;2024-11;39,05
Tops & Tees;2024-11;41,7
Dresses;2024-11;83,04
Sleep & Lounge;2024-11;47,3
Jumpsuits & Rompers;2024-11;44,48
Blazers & Jackets;2024-11;91,46
Underwear;2024-11;27,46
Skirts;2024-11;56,67
Maternity;2024-11;44,5
Sweaters;2024-11;69,6
Swim;2024-11;60,22
Fashion Hoodies & Sweatshirts;2024-11;56,45
Pants & Capris;2024-11;43,6
Pants;2024-11;55,92
Suits & Sport Coats;2024-11;132,99
Jeans;2024-11;95,83
Suits;2024-11;111,14
Outerwear & Coats;2024-11;130,45
Clothing Sets;2024-11;81,42
Intimates;2024-12;33,96
Active;2024-12;64,47
Plus;2024-12;37,05
Accessories;2024-12;40,56
Socks;2024-12;19,08
Socks & Hosiery;2024-12;16,08
Leggings;2024-12;23,75
Shorts;2024-12;47,13
Underwear;2024-12;29,77
Swim;2024-12;56,11
Tops & Tees;2024-12;41,69
Dresses;2024-12;94,48
Sweaters;2024-12;81,37
Sleep & Lounge;2024-12;48,38
Skirts;2024-12;54,5
Blazers & Jackets;2024-12;90,73
Jeans;2024-12;95,83
Pants & Capris;2024-12;65,5
Jumpsuits & Rompers;2024-12;29,37
Fashion Hoodies & Sweatshirts;2024-12;53,37
Suits & Sport Coats;2024-12;125,2
Outerwear & Coats;2024-12;153,34
Maternity;2024-12;45,36
Pants;2024-12;63,0
Clothing Sets;2024-12;76,04
Suits;2024-12;106,96
Accessories;2025-01;43,07
Intimates;2025-01;32,76
Sleep & Lounge;2025-01;44,89
Socks & Hosiery;2025-01;16,27
Plus;2025-01;59,03
Socks;2025-01;17,23
Shorts;2025-01;42,66
Active;2025-01;48,28
Leggings;2025-01;31,1
Maternity;2025-01;52,35
Sweaters;2025-01;78,51
Underwear;2025-01;26,73
Tops & Tees;2025-01;41,31
Blazers & Jackets;2025-01;81,14
Dresses;2025-01;80,45
Skirts;2025-01;55,24
Jumpsuits & Rompers;2025-01;45,88
Fashion Hoodies & Sweatshirts;2025-01;54,8
Pants;2025-01;55,84
Suits & Sport Coats;2025-01;125,84
Pants & Capris;2025-01;48,88
Outerwear & Coats;2025-01;129,64
Jeans;2025-01;103,84
Swim;2025-01;57,43
Suits;2025-01;118,83
Clothing Sets;2025-01;52,22
Accessories;2025-02;40,95
Intimates;2025-02;37,8
Tops & Tees;2025-02;40,03
Socks;2025-02;17,76
Leggings;2025-02;22,59
Plus;2025-02;37,81
Socks & Hosiery;2025-02;15,83
Shorts;2025-02;49,22
Sleep & Lounge;2025-02;47,41
Blazers & Jackets;2025-02;70,84
Active;2025-02;47,1
Skirts;2025-02;51,42
Sweaters;2025-02;77,34
Swim;2025-02;56,09
Dresses;2025-02;87,29
Underwear;2025-02;26,56
Pants & Capris;2025-02;61,22
Jumpsuits & Rompers;2025-02;44,27
Fashion Hoodies & Sweatshirts;2025-02;53,73
Pants;2025-02;61,25
Maternity;2025-02;53,81
Suits & Sport Coats;2025-02;132,66
Outerwear & Coats;2025-02;155,93
Jeans;2025-02;99,3
Suits;2025-02;117,74
Clothing Sets;2025-02;119,49
Accessories;2025-03;41,06
Socks & Hosiery;2025-03;16,88
Plus;2025-03;45,31
Socks;2025-03;18,51
Intimates;2025-03;34,05
Active;2025-03;54,13
Leggings;2025-03;22,2
Underwear;2025-03;26,22
Sweaters;2025-03;82,46
Skirts;2025-03;57,0
Shorts;2025-03;44,76
Swim;2025-03;56,28
Dresses;2025-03;96,4
Tops & Tees;2025-03;39,97
Blazers & Jackets;2025-03;107,21
Maternity;2025-03;53,32
Sleep & Lounge;2025-03;52,59
Pants & Capris;2025-03;55,06
Fashion Hoodies & Sweatshirts;2025-03;55,35
Jumpsuits & Rompers;2025-03;42,6
Suits & Sport Coats;2025-03;140,43
Pants;2025-03;57,49
Suits;2025-03;123,15
Outerwear & Coats;2025-03;151,58
Jeans;2025-03;98,94
Clothing Sets;2025-03;106,5
Accessories;2025-04;44,1
Sleep & Lounge;2025-04;47,08
Tops & Tees;2025-04;43,42
Socks & Hosiery;2025-04;17,17
Plus;2025-04;34,97
Socks;2025-04;17,3
Intimates;2025-04;36,79
Leggings;2025-04;26,81
Maternity;2025-04;54,02
Shorts;2025-04;45,98
Underwear;2025-04;27,67
Blazers & Jackets;2025-04;93,89
Active;2025-04;58,22
Dresses;2025-04;85,49
Sweaters;2025-04;78,06
Pants & Capris;2025-04;62,2
Skirts;2025-04;62,9
Jumpsuits & Rompers;2025-04;41,53
Fashion Hoodies & Sweatshirts;2025-04;55,68
Swim;2025-04;54,56
Suits & Sport Coats;2025-04;118,79
Outerwear & Coats;2025-04;147,37
Pants;2025-04;58,54
Jeans;2025-04;96,87
Suits;2025-04;108,4
Clothing Sets;2025-04;99,23
Accessories;2025-05;43,44
Intimates;2025-05;32,86
Socks & Hosiery;2025-05;17,79
Plus;2025-05;37,54
Socks;2025-05;17,42
Leggings;2025-05;25,64
Swim;2025-05;57,54
Skirts;2025-05;58,92
Active;2025-05;53,33
Underwear;2025-05;27,11
Maternity;2025-05;47,87
Shorts;2025-05;44,26
Tops & Tees;2025-05;40,23
Sleep & Lounge;2025-05;49,12
Dresses;2025-05;79,64
Pants & Capris;2025-05;58,79
Sweaters;2025-05;75,49
Blazers & Jackets;2025-05;96,13
Jumpsuits & Rompers;2025-05;44,2
Pants;2025-05;58,2
Fashion Hoodies & Sweatshirts;2025-05;55,05
Outerwear & Coats;2025-05;148,44
Suits & Sport Coats;2025-05;122,02
Jeans;2025-05;102,11
Suits;2025-05;111,92
Clothing Sets;2025-05;80,58
